ReviewID,Product,ReviewText
R00001,Smartwatch Y,Would not recommend to anyone.
R00002,Headphones Max,Not worth the price.
R00003,Laptop Pro,Does not work as expected.
R00004,Headphones Max,Does not work as expected.
R00005,Headphones Max,Great value for the money.
R00006,Tablet Z,Very disappointing experience.
R00007,Laptop Pro,Very disappointing experience.
R00008,Laptop Pro,Highly recommended!
R00009,Laptop Pro,I would definitely buy this again.
R00010,Headphones Max,Absolutely love this product!
R00011,Smartwatch Y,Great value for the money.
R00012,Laptop Pro,Not worth the price.
R00013,Headphones Max,Highly recommended!
R00014,Tablet Z,I would definitely buy this again.
R00015,Smartwatch Y,Does not work as expected.
R00016,Tablet Z,I would definitely buy this again.
R00017,Smartwatch Y,Poor build quality and support.
R00018,Headphones Max,Does not work as expected.
R00019,Phone X,Great value for the money.
R00020,Smartwatch Y,Great value for the money.
R00021,Tablet Z,Great value for the money.
R00022,Headphones Max,Absolutely love this product!
R00023,Smartwatch Y,Highly recommended!
R00024,Phone X,Very disappointing experience.
R00025,Phone X,Poor build quality and support.
R00026,Laptop Pro,Would not recommend to anyone.
R00027,Laptop Pro,Absolutely love this product!
R00028,Tablet Z,I would definitely buy this again.
R00029,Smartwatch Y,I would definitely buy this again.
R00030,Smartwatch Y,I would definitely buy this again.
R00031,Laptop Pro,Very disappointing experience.
R00032,Smartwatch Y,Highly recommended!
R00033,Smartwatch Y,Great value for the money.
R00034,Phone X,Great value for the money.
R00035,Laptop Pro,Highly recommended!
R00036,Headphones Max,Not worth the price.
R00037,Laptop Pro,Great value for the money.
R00038,Headphones Max,Great value for the money.
R00039,Phone X,Works perfectly and exceeded expectations.
R00040,Tablet Z,Very disappointing experience.
R00041,Smartwatch Y,Great value for the money.
R00042,Phone X,Absolutely love this product!
R00043,Smartwatch Y,Great value for the money.
R00044,Tablet Z,Works perfectly and exceeded expectations.
R00045,Tablet Z,Does not work as expected.
R00046,Phone X,I would definitely buy this again.
R00047,Tablet Z,Not worth the price.
R00048,Headphones Max,Absolutely love this product!
R00049,Tablet Z,Great value for the money.
R00050,Smartwatch Y,Very disappointing experience.
R00051,Smartwatch Y,Poor build quality and support.
R00052,Smartwatch Y,Would not recommend to anyone.
R00053,Smartwatch Y,Works perfectly and exceeded expectations.
R00054,Headphones Max,Poor build quality and support.
R00055,Laptop Pro,Would not recommend to anyone.
R00056,Phone X,Not worth the price.
R00057,Smartwatch Y,Works perfectly and exceeded expectations.
R00058,Tablet Z,Absolutely love this product!
R00059,Smartwatch Y,Great value for the money.
R00060,Tablet Z,Great value for the money.
R00061,Tablet Z,Would not recommend to anyone.
R00062,Smartwatch Y,Very disappointing experience.
R00063,Headphones Max,Would not recommend to anyone.
R00064,Tablet Z,Works perfectly and exceeded expectations.
R00065,Tablet Z,I would definitely buy this again.
R00066,Smartwatch Y,Not worth the price.
R00067,Tablet Z,Absolutely love this product!
R00068,Tablet Z,I would definitely buy this again.
R00069,Smartwatch Y,Works perfectly and exceeded expectations.
R00070,Smartwatch Y,Very disappointing experience.
R00071,Phone X,Poor build quality and support.
R00072,Headphones Max,Very disappointing experience.
R00073,Headphones Max,Absolutely love this product!
R00074,Tablet Z,Works perfectly and exceeded expectations.
R00075,Headphones Max,Very disappointing experience.
R00076,Tablet Z,Great value for the money.
R00077,Phone X,Works perfectly and exceeded expectations.
R00078,Smartwatch Y,Not worth the price.
R00079,Smartwatch Y,Not worth the price.
R00080,Smartwatch Y,Works perfectly and exceeded expectations.
R00081,Headphones Max,Does not work as expected.
R00082,Phone X,Does not work as expected.
R00083,Headphones Max,Very disappointing experience.
R00084,Headphones Max,I would definitely buy this again.
R00085,Phone X,Works perfectly and exceeded expectations.
R00086,Phone X,Great value for the money.
R00087,Phone X,Poor build quality and support.
R00088,Phone X,Would not recommend to anyone.
R00089,Smartwatch Y,Not worth the price.
R00090,Laptop Pro,Highly recommended!
R00091,Laptop Pro,Not worth the price.
R00092,Phone X,Works perfectly and exceeded expectations.
R00093,Laptop Pro,Works perfectly and exceeded expectations.
R00094,Laptop Pro,Great value for the money.
R00095,Phone X,Highly recommended!
R00096,Laptop Pro,Does not work as expected.
R00097,Headphones Max,Great value for the money.
R00098,Tablet Z,I would definitely buy this again.
R00099,Tablet Z,Poor build quality and support.
R00100,Phone X,Not worth the price.
R00101,Smartwatch Y,Works perfectly and exceeded expectations.
R00102,Phone X,I would definitely buy this again.
R00103,Smartwatch Y,I would definitely buy this again.
R00104,Tablet Z,Great value for the money.
R00105,Phone X,Does not work as expected.
R00106,Headphones Max,Does not work as expected.
R00107,Laptop Pro,Absolutely love this product!
R00108,Smartwatch Y,Absolutely love this product!
R00109,Laptop Pro,Great value for the money.
R00110,Laptop Pro,Very disappointing experience.
R00111,Phone X,Great value for the money.
R00112,Laptop Pro,I would definitely buy this again.
R00113,Headphones Max,Does not work as expected.
R00114,Laptop Pro,Highly recommended!
R00115,Phone X,Great value for the money.
R00116,Headphones Max,Very disappointing experience.
R00117,Tablet Z,Very disappointing experience.
R00118,Laptop Pro,Great value for the money.
R00119,Phone X,Not worth the price.
R00120,Tablet Z,Not worth the price.
R00121,Tablet Z,Very disappointing experience.
R00122,Smartwatch Y,Would not recommend to anyone.
R00123,Headphones Max,Works perfectly and exceeded expectations.
R00124,Laptop Pro,Works perfectly and exceeded expectations.
R00125,Phone X,Works perfectly and exceeded expectations.
R00126,Smartwatch Y,Very disappointing experience.
R00127,Headphones Max,Highly recommended!
R00128,Smartwatch Y,Highly recommended!
R00129,Headphones Max,Poor build quality and support.
R00130,Headphones Max,Does not work as expected.
R00131,Laptop Pro,Highly recommended!
R00132,Headphones Max,I would definitely buy this again.
R00133,Smartwatch Y,Does not work as expected.
R00134,Headphones Max,Very disappointing experience.
R00135,Laptop Pro,Poor build quality and support.
R00136,Laptop Pro,Not worth the price.
R00137,Smartwatch Y,Highly recommended!
R00138,Tablet Z,Does not work as expected.
R00139,Tablet Z,Would not recommend to anyone.
R00140,Headphones Max,Very disappointing experience.
R00141,Phone X,Very disappointing experience.
R00142,Headphones Max,Very disappointing experience.
R00143,Smartwatch Y,Does not work as expected.
R00144,Smartwatch Y,Does not work as expected.
R00145,Smartwatch Y,Works perfectly and exceeded expectations.
R00146,Smartwatch Y,Poor build quality and support.
R00147,Smartwatch Y,Not worth the price.
R00148,Laptop Pro,Great value for the money.
R00149,Tablet Z,I would definitely buy this again.
R00150,Smartwatch Y,Absolutely love this product!
R00151,Phone X,Highly recommended!
R00152,Phone X,I would definitely buy this again.
R00153,Phone X,Does not work as expected.
R00154,Phone X,I would definitely buy this again.
R00155,Laptop Pro,Very disappointing experience.
R00156,Phone X,Works perfectly and exceeded expectations.
R00157,Smartwatch Y,Highly recommended!
R00158,Headphones Max,Absolutely love this product!
R00159,Phone X,Very disappointing experience.
R00160,Laptop Pro,Absolutely love this product!
R00161,Laptop Pro,Would not recommend to anyone.
R00162,Phone X,Not worth the price.
R00163,Headphones Max,Poor build quality and support.
R00164,Phone X,Poor build quality and support.
R00165,Laptop Pro,Does not work as expected.
R00166,Tablet Z,I would definitely buy this again.
R00167,Smartwatch Y,I would definitely buy this again.
R00168,Laptop Pro,Not worth the price.
R00169,Phone X,Does not work as expected.
R00170,Smartwatch Y,Absolutely love this product!
R00171,Phone X,Absolutely love this product!
R00172,Phone X,Not worth the price.
R00173,Tablet Z,Absolutely love this product!
R00174,Smartwatch Y,Would not recommend to anyone.
R00175,Smartwatch Y,Not worth the price.
R00176,Tablet Z,Great value for the money.
R00177,Laptop Pro,Very disappointing experience.
R00178,Phone X,Great value for the money.
R00179,Headphones Max,Highly recommended!
R00180,Phone X,Very disappointing experience.
R00181,Phone X,Not worth the price.
R00182,Laptop Pro,Absolutely love this product!
R00183,Phone X,Great value for the money.
R00184,Tablet Z,Absolutely love this product!
R00185,Tablet Z,Works perfectly and exceeded expectations.
R00186,Smartwatch Y,Very disappointing experience.
R00187,Headphones Max,Absolutely love this product!
R00188,Phone X,Poor build quality and support.
R00189,Phone X,I would definitely buy this again.
R00190,Laptop Pro,Great value for the money.
R00191,Tablet Z,Does not work as expected.
R00192,Headphones Max,Not worth the price.
R00193,Smartwatch Y,Highly recommended!
R00194,Tablet Z,Not worth the price.
R00195,Smartwatch Y,Not worth the price.
R00196,Laptop Pro,Highly recommended!
R00197,Laptop Pro,Poor build quality and support.
R00198,Phone X,Works perfectly and exceeded expectations.
R00199,Headphones Max,Not worth the price.
R00200,Smartwatch Y,Great value for the money.
R00201,Tablet Z,Would not recommend to anyone.
R00202,Laptop Pro,Poor build quality and support.
R00203,Phone X,Highly recommended!
R00204,Phone X,Very disappointing experience.
R00205,Smartwatch Y,Would not recommend to anyone.
R00206,Laptop Pro,Would not recommend to anyone.
R00207,Headphones Max,Great value for the money.
R00208,Laptop Pro,Very disappointing experience.
R00209,Smartwatch Y,Works perfectly and exceeded expectations.
R00210,Smartwatch Y,Great value for the money.
R00211,Laptop Pro,Works perfectly and exceeded expectations.
R00212,Smartwatch Y,Not worth the price.
R00213,Laptop Pro,Does not work as expected.
R00214,Tablet Z,Great value for the money.
R00215,Laptop Pro,Very disappointing experience.
R00216,Laptop Pro,Works perfectly and exceeded expectations.
R00217,Smartwatch Y,Not worth the price.
R00218,Smartwatch Y,Poor build quality and support.
R00219,Phone X,Does not work as expected.
R00220,Phone X,Works perfectly and exceeded expectations.
R00221,Tablet Z,I would definitely buy this again.
R00222,Phone X,Highly recommended!
R00223,Laptop Pro,I would definitely buy this again.
R00224,Smartwatch Y,I would definitely buy this again.
R00225,Phone X,Great value for the money.
R00226,Phone X,I would definitely buy this again.
R00227,Tablet Z,Works perfectly and exceeded expectations.
R00228,Tablet Z,Works perfectly and exceeded expectations.
R00229,Laptop Pro,Works perfectly and exceeded expectations.
R00230,Smartwatch Y,Not worth the price.
R00231,Tablet Z,Great value for the money.
R00232,Phone X,Highly recommended!
R00233,Smartwatch Y,Highly recommended!
R00234,Smartwatch Y,Great value for the money.
R00235,Phone X,Works perfectly and exceeded expectations.
R00236,Tablet Z,Works perfectly and exceeded expectations.
R00237,Phone X,Very disappointing experience.
R00238,Smartwatch Y,Absolutely love this product!
R00239,Headphones Max,Highly recommended!
R00240,Headphones Max,Would not recommend to anyone.
R00241,Laptop Pro,Would not recommend to anyone.
R00242,Phone X,Poor build quality and support.
R00243,Phone X,Would not recommend to anyone.
R00244,Laptop Pro,Highly recommended!
R00245,Laptop Pro,Not worth the price.
R00246,Laptop Pro,Poor build quality and support.
R00247,Smartwatch Y,Great value for the money.
R00248,Phone X,Works perfectly and exceeded expectations.
R00249,Smartwatch Y,Does not work as expected.
R00250,Laptop Pro,Absolutely love this product!
R00251,Phone X,Would not recommend to anyone.
R00252,Smartwatch Y,Would not recommend to anyone.
R00253,Smartwatch Y,I would definitely buy this again.
R00254,Laptop Pro,Absolutely love this product!
R00255,Phone X,Great value for the money.
R00256,Laptop Pro,Would not recommend to anyone.
R00257,Phone X,Highly recommended!
R00258,Headphones Max,Highly recommended!
R00259,Tablet Z,Does not work as expected.
R00260,Tablet Z,Very disappointing experience.
R00261,Tablet Z,Absolutely love this product!
R00262,Laptop Pro,Would not recommend to anyone.
R00263,Headphones Max,Absolutely love this product!
R00264,Phone X,Highly recommended!
R00265,Smartwatch Y,Great value for the money.
R00266,Phone X,Very disappointing experience.
R00267,Smartwatch Y,Works perfectly and exceeded expectations.
R00268,Phone X,Does not work as expected.
R00269,Headphones Max,Great value for the money.
R00270,Smartwatch Y,Very disappointing experience.
R00271,Laptop Pro,Very disappointing experience.
R00272,Phone X,Great value for the money.
R00273,Phone X,Absolutely love this product!
R00274,Smartwatch Y,I would definitely buy this again.
R00275,Laptop Pro,Does not work as expected.
R00276,Laptop Pro,Does not work as expected.
R00277,Headphones Max,Works perfectly and exceeded expectations.
R00278,Laptop Pro,Very disappointing experience.
R00279,Laptop Pro,Absolutely love this product!
R00280,Laptop Pro,Does not work as expected.
R00281,Tablet Z,Works perfectly and exceeded expectations.
R00282,Headphones Max,Does not work as expected.
R00283,Phone X,Does not work as expected.
R00284,Smartwatch Y,Does not work as expected.
R00285,Phone X,Absolutely love this product!
R00286,Headphones Max,Not worth the price.
R00287,Smartwatch Y,Very disappointing experience.
R00288,Headphones Max,Very disappointing experience.
R00289,Laptop Pro,Does not work as expected.
R00290,Smartwatch Y,Would not recommend to anyone.
R00291,Laptop Pro,Great value for the money.
R00292,Phone X,Great value for the money.
R00293,Phone X,Would not recommend to anyone.
R00294,Smartwatch Y,Does not work as expected.
R00295,Smartwatch Y,Absolutely love this product!
R00296,Headphones Max,Great value for the money.
R00297,Headphones Max,Would not recommend to anyone.
R00298,Laptop Pro,Highly recommended!
R00299,Smartwatch Y,Great value for the money.
R00300,Phone X,I would definitely buy this again.
R00301,Headphones Max,Not worth the price.
R00302,Headphones Max,Poor build quality and support.
R00303,Phone X,Works perfectly and exceeded expectations.
R00304,Headphones Max,Not worth the price.
R00305,Laptop Pro,Very disappointing experience.
R00306,Smartwatch Y,I would definitely buy this again.
R00307,Phone X,Great value for the money.
R00308,Smartwatch Y,Absolutely love this product!
R00309,Headphones Max,Very disappointing experience.
R00310,Headphones Max,Does not work as expected.
R00311,Phone X,Would not recommend to anyone.
R00312,Laptop Pro,Would not recommend to anyone.
R00313,Tablet Z,I would definitely buy this again.
R00314,Phone X,Does not work as expected.
R00315,Tablet Z,Very disappointing experience.
R00316,Tablet Z,Highly recommended!
R00317,Laptop Pro,I would definitely buy this again.
R00318,Tablet Z,Does not work as expected.
R00319,Tablet Z,Does not work as expected.
R00320,Laptop Pro,Does not work as expected.
R00321,Tablet Z,Would not recommend to anyone.
R00322,Tablet Z,Works perfectly and exceeded expectations.
R00323,Tablet Z,Very disappointing experience.
R00324,Phone X,I would definitely buy this again.
R00325,Phone X,Does not work as expected.
R00326,Phone X,Works perfectly and exceeded expectations.
R00327,Laptop Pro,Highly recommended!
R00328,Headphones Max,Absolutely love this product!
R00329,Tablet Z,I would definitely buy this again.
R00330,Tablet Z,Absolutely love this product!
R00331,Laptop Pro,Very disappointing experience.
R00332,Tablet Z,Absolutely love this product!
R00333,Phone X,Great value for the money.
R00334,Headphones Max,Very disappointing experience.
R00335,Smartwatch Y,Would not recommend to anyone.
R00336,Tablet Z,Poor build quality and support.
R00337,Phone X,Does not work as expected.
R00338,Smartwatch Y,I would definitely buy this again.
R00339,Headphones Max,Very disappointing experience.
R00340,Smartwatch Y,Great value for the money.
R00341,Phone X,Very disappointing experience.
R00342,Smartwatch Y,I would definitely buy this again.
R00343,Laptop Pro,Great value for the money.
R00344,Smartwatch Y,Not worth the price.
R00345,Tablet Z,Very disappointing experience.
R00346,Tablet Z,Would not recommend to anyone.
R00347,Laptop Pro,I would definitely buy this again.
R00348,Phone X,Would not recommend to anyone.
R00349,Tablet Z,Works perfectly and exceeded expectations.
R00350,Headphones Max,Highly recommended!
R00351,Tablet Z,Not worth the price.
R00352,Tablet Z,Poor build quality and support.
R00353,Phone X,Highly recommended!
R00354,Smartwatch Y,Absolutely love this product!
R00355,Tablet Z,Would not recommend to anyone.
R00356,Laptop Pro,Highly recommended!
R00357,Smartwatch Y,Great value for the money.
R00358,Headphones Max,Works perfectly and exceeded expectations.
R00359,Phone X,Highly recommended!
R00360,Headphones Max,Poor build quality and support.
R00361,Smartwatch Y,I would definitely buy this again.
R00362,Smartwatch Y,Not worth the price.
R00363,Smartwatch Y,Works perfectly and exceeded expectations.
R00364,Headphones Max,Works perfectly and exceeded expectations.
R00365,Smartwatch Y,Highly recommended!
R00366,Headphones Max,Highly recommended!
R00367,Smartwatch Y,Does not work as expected.
R00368,Laptop Pro,Does not work as expected.
R00369,Smartwatch Y,Works perfectly and exceeded expectations.
R00370,Headphones Max,Works perfectly and exceeded expectations.
R00371,Tablet Z,Very disappointing experience.
R00372,Smartwatch Y,Absolutely love this product!
R00373,Tablet Z,Very disappointing experience.
R00374,Laptop Pro,Not worth the price.
R00375,Phone X,Very disappointing experience.
R00376,Laptop Pro,I would definitely buy this again.
R00377,Smartwatch Y,Absolutely love this product!
R00378,Tablet Z,Very disappointing experience.
R00379,Tablet Z,Very disappointing experience.
R00380,Headphones Max,Absolutely love this product!
R00381,Tablet Z,Works perfectly and exceeded expectations.
R00382,Headphones Max,I would definitely buy this again.
R00383,Phone X,Does not work as expected.
R00384,Smartwatch Y,Very disappointing experience.
R00385,Headphones Max,Highly recommended!
R00386,Phone X,Very disappointing experience.
R00387,Tablet Z,Absolutely love this product!
R00388,Tablet Z,Highly recommended!
R00389,Phone X,Highly recommended!
R00390,Tablet Z,Absolutely love this product!
R00391,Phone X,Poor build quality and support.
R00392,Headphones Max,Works perfectly and exceeded expectations.
R00393,Headphones Max,Does not work as expected.
R00394,Phone X,Very disappointing experience.
R00395,Headphones Max,Works perfectly and exceeded expectations.
R00396,Headphones Max,Does not work as expected.
R00397,Headphones Max,Highly recommended!
R00398,Laptop Pro,Very disappointing experience.
R00399,Smartwatch Y,Works perfectly and exceeded expectations.
R00400,Tablet Z,Would not recommend to anyone.
R00401,Laptop Pro,Great value for the money.
R00402,Headphones Max,Does not work as expected.
R00403,Phone X,Poor build quality and support.
R00404,Headphones Max,Great value for the money.
R00405,Smartwatch Y,Highly recommended!
R00406,Headphones Max,Very disappointing experience.
R00407,Phone X,Poor build quality and support.
R00408,Smartwatch Y,Highly recommended!
R00409,Headphones Max,Great value for the money.
R00410,Smartwatch Y,Highly recommended!
R00411,Tablet Z,Not worth the price.
R00412,Tablet Z,Great value for the money.
R00413,Headphones Max,Would not recommend to anyone.
R00414,Smartwatch Y,Does not work as expected.
R00415,Phone X,Does not work as expected.
R00416,Headphones Max,Highly recommended!
R00417,Tablet Z,Absolutely love this product!
R00418,Tablet Z,Would not recommend to anyone.
R00419,Headphones Max,Highly recommended!
R00420,Smartwatch Y,Absolutely love this product!
R00421,Tablet Z,Does not work as expected.
R00422,Smartwatch Y,Would not recommend to anyone.
R00423,Tablet Z,Absolutely love this product!
R00424,Tablet Z,Highly recommended!
R00425,Laptop Pro,Poor build quality and support.
R00426,Tablet Z,Highly recommended!
R00427,Phone X,Very disappointing experience.
R00428,Headphones Max,Does not work as expected.
R00429,Headphones Max,Absolutely love this product!
R00430,Smartwatch Y,Very disappointing experience.
R00431,Tablet Z,Highly recommended!
R00432,Phone X,Great value for the money.
R00433,Smartwatch Y,Does not work as expected.
R00434,Laptop Pro,Poor build quality and support.
R00435,Smartwatch Y,Very disappointing experience.
R00436,Smartwatch Y,Highly recommended!
R00437,Tablet Z,Great value for the money.
R00438,Laptop Pro,Very disappointing experience.
R00439,Smartwatch Y,Absolutely love this product!
R00440,Phone X,Highly recommended!
R00441,Phone X,Would not recommend to anyone.
R00442,Headphones Max,Great value for the money.
R00443,Laptop Pro,Highly recommended!
R00444,Laptop Pro,Very disappointing experience.
R00445,Headphones Max,Poor build quality and support.
R00446,Smartwatch Y,Does not work as expected.
R00447,Laptop Pro,Highly recommended!
R00448,Phone X,Very disappointing experience.
R00449,Phone X,I would definitely buy this again.
R00450,Tablet Z,Would not recommend to anyone.
R00451,Laptop Pro,Does not work as expected.
R00452,Smartwatch Y,Not worth the price.
R00453,Headphones Max,Highly recommended!
R00454,Headphones Max,Poor build quality and support.
R00455,Smartwatch Y,Absolutely love this product!
R00456,Tablet Z,Absolutely love this product!
R00457,Headphones Max,Not worth the price.
R00458,Laptop Pro,Does not work as expected.
R00459,Tablet Z,Would not recommend to anyone.
R00460,Laptop Pro,Highly recommended!
R00461,Phone X,Works perfectly and exceeded expectations.
R00462,Tablet Z,Would not recommend to anyone.
R00463,Headphones Max,Great value for the money.
R00464,Tablet Z,Works perfectly and exceeded expectations.
R00465,Tablet Z,Does not work as expected.
R00466,Tablet Z,Great value for the money.
R00467,Tablet Z,Would not recommend to anyone.
R00468,Laptop Pro,I would definitely buy this again.
R00469,Phone X,Highly recommended!
R00470,Smartwatch Y,Absolutely love this product!
R00471,Tablet Z,Works perfectly and exceeded expectations.
R00472,Headphones Max,Absolutely love this product!
R00473,Tablet Z,Would not recommend to anyone.
R00474,Headphones Max,I would definitely buy this again.
R00475,Laptop Pro,Poor build quality and support.
R00476,Headphones Max,Not worth the price.
R00477,Smartwatch Y,Great value for the money.
R00478,Phone X,Highly recommended!
R00479,Headphones Max,Would not recommend to anyone.
R00480,Headphones Max,Highly recommended!
R00481,Phone X,Works perfectly and exceeded expectations.
R00482,Smartwatch Y,Very disappointing experience.
R00483,Tablet Z,Would not recommend to anyone.
R00484,Headphones Max,Does not work as expected.
R00485,Phone X,I would definitely buy this again.
R00486,Laptop Pro,Works perfectly and exceeded expectations.
R00487,Phone X,Absolutely love this product!
R00488,Laptop Pro,Great value for the money.
R00489,Smartwatch Y,Absolutely love this product!
R00490,Tablet Z,I would definitely buy this again.
R00491,Phone X,Works perfectly and exceeded expectations.
R00492,Headphones Max,Poor build quality and support.
R00493,Smartwatch Y,Would not recommend to anyone.
R00494,Phone X,Does not work as expected.
R00495,Headphones Max,Very disappointing experience.
R00496,Phone X,Works perfectly and exceeded expectations.
R00497,Laptop Pro,Does not work as expected.
R00498,Phone X,Poor build quality and support.
R00499,Phone X,Would not recommend to anyone.
R00500,Phone X,Not worth the price.
R00501,Smartwatch Y,Great value for the money.
R00502,Phone X,Does not work as expected.
R00503,Headphones Max,Does not work as expected.
R00504,Laptop Pro,Very disappointing experience.
R00505,Laptop Pro,Not worth the price.
R00506,Phone X,Would not recommend to anyone.
R00507,Smartwatch Y,Very disappointing experience.
R00508,Smartwatch Y,Not worth the price.
R00509,Headphones Max,Great value for the money.
R00510,Phone X,Absolutely love this product!
R00511,Laptop Pro,Does not work as expected.
R00512,Smartwatch Y,Works perfectly and exceeded expectations.
R00513,Phone X,Would not recommend to anyone.
R00514,Smartwatch Y,I would definitely buy this again.
R00515,Smartwatch Y,Would not recommend to anyone.
R00516,Laptop Pro,I would definitely buy this again.
R00517,Tablet Z,I would definitely buy this again.
R00518,Headphones Max,Not worth the price.
R00519,Headphones Max,Works perfectly and exceeded expectations.
R00520,Laptop Pro,Poor build quality and support.
R00521,Smartwatch Y,Highly recommended!
R00522,Phone X,Does not work as expected.
R00523,Smartwatch Y,Great value for the money.
R00524,Laptop Pro,Very disappointing experience.
R00525,Headphones Max,Absolutely love this product!
R00526,Smartwatch Y,Absolutely love this product!
R00527,Headphones Max,Poor build quality and support.
R00528,Phone X,I would definitely buy this again.
R00529,Headphones Max,Would not recommend to anyone.
R00530,Headphones Max,Very disappointing experience.
R00531,Tablet Z,I would definitely buy this again.
R00532,Tablet Z,I would definitely buy this again.
R00533,Tablet Z,Does not work as expected.
R00534,Headphones Max,I would definitely buy this again.
R00535,Laptop Pro,Highly recommended!
R00536,Headphones Max,Great value for the money.
R00537,Laptop Pro,Highly recommended!
R00538,Laptop Pro,Highly recommended!
R00539,Tablet Z,Works perfectly and exceeded expectations.
R00540,Smartwatch Y,Highly recommended!
R00541,Phone X,Highly recommended!
R00542,Tablet Z,Does not work as expected.
R00543,Tablet Z,Highly recommended!
R00544,Smartwatch Y,Highly recommended!
R00545,Phone X,Not worth the price.
R00546,Headphones Max,Does not work as expected.
R00547,Headphones Max,I would definitely buy this again.
R00548,Tablet Z,Absolutely love this product!
R00549,Phone X,Not worth the price.
R00550,Tablet Z,Not worth the price.
R00551,Laptop Pro,I would definitely buy this again.
R00552,Tablet Z,Would not recommend to anyone.
R00553,Tablet Z,Poor build quality and support.
R00554,Headphones Max,I would definitely buy this again.
R00555,Headphones Max,Does not work as expected.
R00556,Headphones Max,Not worth the price.
R00557,Laptop Pro,Absolutely love this product!
R00558,Headphones Max,Very disappointing experience.
R00559,Phone X,Would not recommend to anyone.
R00560,Smartwatch Y,Absolutely love this product!
R00561,Phone X,Does not work as expected.
R00562,Phone X,Highly recommended!
R00563,Headphones Max,Does not work as expected.
R00564,Smartwatch Y,Absolutely love this product!
R00565,Smartwatch Y,Would not recommend to anyone.
R00566,Smartwatch Y,Highly recommended!
R00567,Laptop Pro,I would definitely buy this again.
R00568,Headphones Max,Not worth the price.
R00569,Smartwatch Y,Absolutely love this product!
R00570,Laptop Pro,Very disappointing experience.
R00571,Tablet Z,Great value for the money.
R00572,Tablet Z,Highly recommended!
R00573,Laptop Pro,Does not work as expected.
R00574,Laptop Pro,I would definitely buy this again.
R00575,Headphones Max,Great value for the money.
R00576,Headphones Max,Would not recommend to anyone.
R00577,Tablet Z,Works perfectly and exceeded expectations.
R00578,Smartwatch Y,Works perfectly and exceeded expectations.
R00579,Tablet Z,I would definitely buy this again.
R00580,Smartwatch Y,Very disappointing experience.
R00581,Smartwatch Y,Does not work as expected.
R00582,Headphones Max,I would definitely buy this again.
R00583,Phone X,Very disappointing experience.
R00584,Phone X,Does not work as expected.
R00585,Laptop Pro,Works perfectly and exceeded expectations.
R00586,Headphones Max,I would definitely buy this again.
R00587,Smartwatch Y,Works perfectly and exceeded expectations.
R00588,Phone X,Not worth the price.
R00589,Smartwatch Y,Would not recommend to anyone.
R00590,Phone X,Works perfectly and exceeded expectations.
R00591,Phone X,Works perfectly and exceeded expectations.
R00592,Phone X,Absolutely love this product!
R00593,Headphones Max,I would definitely buy this again.
R00594,Tablet Z,Works perfectly and exceeded expectations.
R00595,Smartwatch Y,Would not recommend to anyone.
R00596,Headphones Max,Great value for the money.
R00597,Headphones Max,Not worth the price.
R00598,Headphones Max,Absolutely love this product!
R00599,Headphones Max,Works perfectly and exceeded expectations.
R00600,Headphones Max,Not worth the price.
R00601,Laptop Pro,Would not recommend to anyone.
R00602,Smartwatch Y,Great value for the money.
R00603,Headphones Max,I would definitely buy this again.
R00604,Smartwatch Y,Works perfectly and exceeded expectations.
R00605,Laptop Pro,Highly recommended!
R00606,Laptop Pro,Poor build quality and support.
R00607,Smartwatch Y,Poor build quality and support.
R00608,Phone X,I would definitely buy this again.
R00609,Tablet Z,Poor build quality and support.
R00610,Phone X,Very disappointing experience.
R00611,Phone X,Poor build quality and support.
R00612,Phone X,I would definitely buy this again.
R00613,Headphones Max,Not worth the price.
R00614,Laptop Pro,Works perfectly and exceeded expectations.
R00615,Phone X,Very disappointing experience.
R00616,Laptop Pro,Poor build quality and support.
R00617,Smartwatch Y,Poor build quality and support.
R00618,Tablet Z,Works perfectly and exceeded expectations.
R00619,Smartwatch Y,Very disappointing experience.
R00620,Smartwatch Y,Poor build quality and support.
R00621,Headphones Max,Absolutely love this product!
R00622,Tablet Z,Absolutely love this product!
R00623,Smartwatch Y,Does not work as expected.
R00624,Smartwatch Y,Would not recommend to anyone.
R00625,Tablet Z,Very disappointing experience.
R00626,Tablet Z,Very disappointing experience.
R00627,Smartwatch Y,Poor build quality and support.
R00628,Tablet Z,Poor build quality and support.
R00629,Smartwatch Y,Would not recommend to anyone.
R00630,Smartwatch Y,I would definitely buy this again.
R00631,Headphones Max,Poor build quality and support.
R00632,Phone X,Highly recommended!
R00633,Smartwatch Y,Highly recommended!
R00634,Laptop Pro,I would definitely buy this again.
R00635,Phone X,Highly recommended!
R00636,Phone X,I would definitely buy this again.
R00637,Phone X,Poor build quality and support.
R00638,Headphones Max,Works perfectly and exceeded expectations.
R00639,Smartwatch Y,Would not recommend to anyone.
R00640,Headphones Max,Works perfectly and exceeded expectations.
R00641,Smartwatch Y,Poor build quality and support.
R00642,Headphones Max,I would definitely buy this again.
R00643,Headphones Max,Great value for the money.
R00644,Laptop Pro,Highly recommended!
R00645,Headphones Max,Does not work as expected.
R00646,Tablet Z,Would not recommend to anyone.
R00647,Laptop Pro,Not worth the price.
R00648,Headphones Max,Absolutely love this product!
R00649,Phone X,Works perfectly and exceeded expectations.
R00650,Tablet Z,Absolutely love this product!
R00651,Tablet Z,Poor build quality and support.
R00652,Tablet Z,Very disappointing experience.
R00653,Laptop Pro,Not worth the price.
R00654,Headphones Max,I would definitely buy this again.
R00655,Headphones Max,Great value for the money.
R00656,Phone X,Would not recommend to anyone.
R00657,Phone X,Absolutely love this product!
R00658,Tablet Z,Not worth the price.
R00659,Phone X,Highly recommended!
R00660,Laptop Pro,Poor build quality and support.
R00661,Headphones Max,Absolutely love this product!
R00662,Tablet Z,Not worth the price.
R00663,Phone X,Poor build quality and support.
R00664,Laptop Pro,Highly recommended!
R00665,Laptop Pro,Great value for the money.
R00666,Phone X,Great value for the money.
R00667,Headphones Max,Highly recommended!
R00668,Phone X,Highly recommended!
R00669,Tablet Z,Highly recommended!
R00670,Phone X,Does not work as expected.
R00671,Laptop Pro,Works perfectly and exceeded expectations.
R00672,Phone X,Very disappointing experience.
R00673,Headphones Max,Absolutely love this product!
R00674,Smartwatch Y,I would definitely buy this again.
R00675,Phone X,Absolutely love this product!
R00676,Headphones Max,Very disappointing experience.
R00677,Headphones Max,Would not recommend to anyone.
R00678,Laptop Pro,I would definitely buy this again.
R00679,Headphones Max,I would definitely buy this again.
R00680,Headphones Max,Does not work as expected.
R00681,Headphones Max,Works perfectly and exceeded expectations.
R00682,Headphones Max,Would not recommend to anyone.
R00683,Tablet Z,I would definitely buy this again.
R00684,Tablet Z,I would definitely buy this again.
R00685,Laptop Pro,Poor build quality and support.
R00686,Phone X,I would definitely buy this again.
R00687,Headphones Max,Great value for the money.
R00688,Phone X,Works perfectly and exceeded expectations.
R00689,Phone X,Poor build quality and support.
R00690,Laptop Pro,Not worth the price.
R00691,Headphones Max,I would definitely buy this again.
R00692,Headphones Max,Very disappointing experience.
R00693,Smartwatch Y,Highly recommended!
R00694,Phone X,Great value for the money.
R00695,Phone X,Not worth the price.
R00696,Tablet Z,Poor build quality and support.
R00697,Smartwatch Y,Highly recommended!
R00698,Tablet Z,Very disappointing experience.
R00699,Tablet Z,Absolutely love this product!
R00700,Tablet Z,I would definitely buy this again.
R00701,Laptop Pro,Absolutely love this product!
R00702,Laptop Pro,Very disappointing experience.
R00703,Tablet Z,Not worth the price.
R00704,Smartwatch Y,I would definitely buy this again.
R00705,Phone X,Very disappointing experience.
R00706,Smartwatch Y,Very disappointing experience.
R00707,Headphones Max,Does not work as expected.
R00708,Laptop Pro,Highly recommended!
R00709,Phone X,Absolutely love this product!
R00710,Phone X,Does not work as expected.
R00711,Headphones Max,Poor build quality and support.
R00712,Headphones Max,Would not recommend to anyone.
R00713,Tablet Z,I would definitely buy this again.
R00714,Laptop Pro,Great value for the money.
R00715,Laptop Pro,Absolutely love this product!
R00716,Smartwatch Y,Highly recommended!
R00717,Tablet Z,I would definitely buy this again.
R00718,Tablet Z,Not worth the price.
R00719,Tablet Z,Would not recommend to anyone.
R00720,Tablet Z,Poor build quality and support.
R00721,Laptop Pro,Does not work as expected.
R00722,Laptop Pro,Very disappointing experience.
R00723,Tablet Z,Absolutely love this product!
R00724,Smartwatch Y,Great value for the money.
R00725,Phone X,Very disappointing experience.
R00726,Phone X,Great value for the money.
R00727,Smartwatch Y,I would definitely buy this again.
R00728,Tablet Z,Great value for the money.
R00729,Laptop Pro,Great value for the money.
R00730,Phone X,Great value for the money.
R00731,Headphones Max,Works perfectly and exceeded expectations.
R00732,Headphones Max,I would definitely buy this again.
R00733,Smartwatch Y,Would not recommend to anyone.
R00734,Tablet Z,Absolutely love this product!
R00735,Phone X,Works perfectly and exceeded expectations.
R00736,Tablet Z,I would definitely buy this again.
R00737,Phone X,Does not work as expected.
R00738,Smartwatch Y,Great value for the money.
R00739,Smartwatch Y,Great value for the money.
R00740,Headphones Max,Absolutely love this product!
R00741,Tablet Z,Not worth the price.
R00742,Headphones Max,Poor build quality and support.
R00743,Tablet Z,Great value for the money.
R00744,Headphones Max,Would not recommend to anyone.
R00745,Laptop Pro,Very disappointing experience.
R00746,Laptop Pro,Highly recommended!
R00747,Laptop Pro,Not worth the price.
R00748,Laptop Pro,I would definitely buy this again.
R00749,Phone X,Poor build quality and support.
R00750,Laptop Pro,Great value for the money.
R00751,Smartwatch Y,Poor build quality and support.
R00752,Smartwatch Y,Very disappointing experience.
R00753,Phone X,Does not work as expected.
R00754,Laptop Pro,Highly recommended!
R00755,Laptop Pro,Would not recommend to anyone.
R00756,Laptop Pro,Would not recommend to anyone.
R00757,Headphones Max,Poor build quality and support.
R00758,Tablet Z,Very disappointing experience.
R00759,Headphones Max,I would definitely buy this again.
R00760,Tablet Z,Highly recommended!
R00761,Laptop Pro,Great value for the money.
R00762,Laptop Pro,Does not work as expected.
R00763,Headphones Max,I would definitely buy this again.
R00764,Headphones Max,Very disappointing experience.
R00765,Tablet Z,I would definitely buy this again.
R00766,Smartwatch Y,Poor build quality and support.
R00767,Tablet Z,Works perfectly and exceeded expectations.
R00768,Headphones Max,Very disappointing experience.
R00769,Headphones Max,Poor build quality and support.
R00770,Phone X,Poor build quality and support.
R00771,Headphones Max,Would not recommend to anyone.
R00772,Phone X,Does not work as expected.
R00773,Smartwatch Y,I would definitely buy this again.
R00774,Tablet Z,Very disappointing experience.
R00775,Tablet Z,Very disappointing experience.
R00776,Phone X,Poor build quality and support.
R00777,Tablet Z,Very disappointing experience.
R00778,Headphones Max,Highly recommended!
R00779,Laptop Pro,Highly recommended!
R00780,Phone X,I would definitely buy this again.
R00781,Tablet Z,Would not recommend to anyone.
R00782,Phone X,Absolutely love this product!
R00783,Phone X,Not worth the price.
R00784,Laptop Pro,Poor build quality and support.
R00785,Headphones Max,Poor build quality and support.
R00786,Phone X,Great value for the money.
R00787,Tablet Z,I would definitely buy this again.
R00788,Smartwatch Y,Great value for the money.
R00789,Phone X,Great value for the money.
R00790,Phone X,Absolutely love this product!
R00791,Laptop Pro,Works perfectly and exceeded expectations.
R00792,Headphones Max,Very disappointing experience.
R00793,Smartwatch Y,Great value for the money.
R00794,Tablet Z,Poor build quality and support.
R00795,Smartwatch Y,Would not recommend to anyone.
R00796,Tablet Z,Very disappointing experience.
R00797,Headphones Max,Absolutely love this product!
R00798,Tablet Z,I would definitely buy this again.
R00799,Laptop Pro,Highly recommended!
R00800,Laptop Pro,Very disappointing experience.
R00801,Laptop Pro,Absolutely love this product!
R00802,Laptop Pro,Absolutely love this product!
R00803,Smartwatch Y,Not worth the price.
R00804,Headphones Max,Great value for the money.
R00805,Tablet Z,Very disappointing experience.
R00806,Tablet Z,I would definitely buy this again.
R00807,Laptop Pro,Does not work as expected.
R00808,Laptop Pro,Very disappointing experience.
R00809,Phone X,Not worth the price.
R00810,Headphones Max,Would not recommend to anyone.
R00811,Smartwatch Y,Does not work as expected.
R00812,Tablet Z,Not worth the price.
R00813,Phone X,I would definitely buy this again.
R00814,Phone X,I would definitely buy this again.
R00815,Tablet Z,Highly recommended!
R00816,Smartwatch Y,Very disappointing experience.
R00817,Phone X,Very disappointing experience.
R00818,Phone X,Absolutely love this product!
R00819,Headphones Max,I would definitely buy this again.
R00820,Smartwatch Y,Very disappointing experience.
R00821,Phone X,I would definitely buy this again.
R00822,Smartwatch Y,Highly recommended!
R00823,Tablet Z,Would not recommend to anyone.
R00824,Laptop Pro,Poor build quality and support.
R00825,Phone X,I would definitely buy this again.
R00826,Headphones Max,I would definitely buy this again.
R00827,Tablet Z,I would definitely buy this again.
R00828,Smartwatch Y,Does not work as expected.
R00829,Tablet Z,Absolutely love this product!
R00830,Phone X,Very disappointing experience.
R00831,Smartwatch Y,Highly recommended!
R00832,Laptop Pro,Works perfectly and exceeded expectations.
R00833,Tablet Z,Poor build quality and support.
R00834,Phone X,Absolutely love this product!
R00835,Headphones Max,Highly recommended!
R00836,Smartwatch Y,Great value for the money.
R00837,Tablet Z,I would definitely buy this again.
R00838,Tablet Z,Highly recommended!
R00839,Laptop Pro,Very disappointing experience.
R00840,Laptop Pro,Great value for the money.
R00841,Headphones Max,Very disappointing experience.
R00842,Headphones Max,Highly recommended!
R00843,Phone X,Works perfectly and exceeded expectations.
R00844,Phone X,Absolutely love this product!
R00845,Headphones Max,Highly recommended!
R00846,Headphones Max,Absolutely love this product!
R00847,Smartwatch Y,Great value for the money.
R00848,Laptop Pro,Very disappointing experience.
R00849,Phone X,Great value for the money.
R00850,Laptop Pro,Great value for the money.
R00851,Laptop Pro,Highly recommended!
R00852,Headphones Max,I would definitely buy this again.
R00853,Smartwatch Y,Not worth the price.
R00854,Tablet Z,Would not recommend to anyone.
R00855,Smartwatch Y,Very disappointing experience.
R00856,Smartwatch Y,Would not recommend to anyone.
R00857,Laptop Pro,Very disappointing experience.
R00858,Smartwatch Y,Not worth the price.
R00859,Phone X,Very disappointing experience.
R00860,Laptop Pro,Does not work as expected.
R00861,Phone X,I would definitely buy this again.
R00862,Tablet Z,I would definitely buy this again.
R00863,Laptop Pro,Great value for the money.
R00864,Tablet Z,Would not recommend to anyone.
R00865,Laptop Pro,Would not recommend to anyone.
R00866,Headphones Max,Absolutely love this product!
R00867,Smartwatch Y,Not worth the price.
R00868,Headphones Max,Does not work as expected.
R00869,Tablet Z,Not worth the price.
R00870,Smartwatch Y,Works perfectly and exceeded expectations.
R00871,Laptop Pro,Absolutely love this product!
R00872,Smartwatch Y,Would not recommend to anyone.
R00873,Phone X,Great value for the money.
R00874,Smartwatch Y,Not worth the price.
R00875,Phone X,Works perfectly and exceeded expectations.
R00876,Smartwatch Y,I would definitely buy this again.
R00877,Phone X,Absolutely love this product!
R00878,Tablet Z,Works perfectly and exceeded expectations.
R00879,Headphones Max,Very disappointing experience.
R00880,Laptop Pro,Absolutely love this product!
R00881,Smartwatch Y,Very disappointing experience.
R00882,Headphones Max,Highly recommended!
R00883,Laptop Pro,Does not work as expected.
R00884,Laptop Pro,Highly recommended!
R00885,Phone X,Highly recommended!
R00886,Tablet Z,Would not recommend to anyone.
R00887,Tablet Z,Great value for the money.
R00888,Headphones Max,I would definitely buy this again.
R00889,Tablet Z,Poor build quality and support.
R00890,Smartwatch Y,Does not work as expected.
R00891,Tablet Z,I would definitely buy this again.
R00892,Headphones Max,Works perfectly and exceeded expectations.
R00893,Tablet Z,Highly recommended!
R00894,Smartwatch Y,Not worth the price.
R00895,Phone X,Very disappointing experience.
R00896,Headphones Max,Poor build quality and support.
R00897,Phone X,I would definitely buy this again.
R00898,Phone X,Great value for the money.
R00899,Phone X,Great value for the money.
R00900,Laptop Pro,Absolutely love this product!
R00901,Laptop Pro,Highly recommended!
R00902,Phone X,Would not recommend to anyone.
R00903,Headphones Max,Very disappointing experience.
R00904,Smartwatch Y,Absolutely love this product!
R00905,Smartwatch Y,Highly recommended!
R00906,Tablet Z,Great value for the money.
R00907,Headphones Max,Not worth the price.
R00908,Laptop Pro,Great value for the money.
R00909,Phone X,Great value for the money.
R00910,Tablet Z,Works perfectly and exceeded expectations.
R00911,Smartwatch Y,Great value for the money.
R00912,Laptop Pro,Highly recommended!
R00913,Laptop Pro,Highly recommended!
R00914,Phone X,Not worth the price.
R00915,Smartwatch Y,Not worth the price.
R00916,Headphones Max,I would definitely buy this again.
R00917,Laptop Pro,Very disappointing experience.
R00918,Phone X,Not worth the price.
R00919,Headphones Max,Would not recommend to anyone.
R00920,Smartwatch Y,I would definitely buy this again.
R00921,Laptop Pro,Very disappointing experience.
R00922,Headphones Max,Does not work as expected.
R00923,Headphones Max,Highly recommended!
R00924,Headphones Max,Poor build quality and support.
R00925,Laptop Pro,Works perfectly and exceeded expectations.
R00926,Laptop Pro,Great value for the money.
R00927,Tablet Z,Highly recommended!
R00928,Smartwatch Y,I would definitely buy this again.
R00929,Phone X,Great value for the money.
R00930,Headphones Max,Poor build quality and support.
R00931,Tablet Z,Highly recommended!
R00932,Phone X,Works perfectly and exceeded expectations.
R00933,Tablet Z,Great value for the money.
R00934,Laptop Pro,Poor build quality and support.
R00935,Headphones Max,Very disappointing experience.
R00936,Phone X,Poor build quality and support.
R00937,Phone X,Highly recommended!
R00938,Phone X,Highly recommended!
R00939,Phone X,I would definitely buy this again.
R00940,Phone X,Poor build quality and support.
R00941,Tablet Z,Poor build quality and support.
R00942,Headphones Max,I would definitely buy this again.
R00943,Laptop Pro,Great value for the money.
R00944,Laptop Pro,Not worth the price.
R00945,Laptop Pro,Would not recommend to anyone.
R00946,Laptop Pro,Works perfectly and exceeded expectations.
R00947,Tablet Z,Very disappointing experience.
R00948,Smartwatch Y,Does not work as expected.
R00949,Headphones Max,Would not recommend to anyone.
R00950,Phone X,Does not work as expected.
R00951,Smartwatch Y,Great value for the money.
R00952,Laptop Pro,Great value for the money.
R00953,Smartwatch Y,Very disappointing experience.
R00954,Headphones Max,Absolutely love this product!
R00955,Phone X,Poor build quality and support.
R00956,Phone X,Great value for the money.
R00957,Headphones Max,Would not recommend to anyone.
R00958,Headphones Max,Poor build quality and support.
R00959,Laptop Pro,Absolutely love this product!
R00960,Phone X,Highly recommended!
R00961,Smartwatch Y,Absolutely love this product!
R00962,Tablet Z,Great value for the money.
R00963,Tablet Z,Great value for the money.
R00964,Headphones Max,Highly recommended!
R00965,Laptop Pro,Not worth the price.
R00966,Tablet Z,Does not work as expected.
R00967,Phone X,Highly recommended!
R00968,Headphones Max,Great value for the money.
R00969,Smartwatch Y,Does not work as expected.
R00970,Headphones Max,Not worth the price.
R00971,Smartwatch Y,Works perfectly and exceeded expectations.
R00972,Headphones Max,Great value for the money.
R00973,Headphones Max,Absolutely love this product!
R00974,Headphones Max,Poor build quality and support.
R00975,Smartwatch Y,Does not work as expected.
R00976,Smartwatch Y,Poor build quality and support.
R00977,Headphones Max,Very disappointing experience.
R00978,Tablet Z,Not worth the price.
R00979,Laptop Pro,Highly recommended!
R00980,Laptop Pro,Very disappointing experience.
R00981,Laptop Pro,Would not recommend to anyone.
R00982,Smartwatch Y,Very disappointing experience.
R00983,Smartwatch Y,Would not recommend to anyone.
R00984,Tablet Z,Great value for the money.
R00985,Laptop Pro,Great value for the money.
R00986,Laptop Pro,Not worth the price.
R00987,Headphones Max,Does not work as expected.
R00988,Smartwatch Y,Great value for the money.
R00989,Laptop Pro,Does not work as expected.
R00990,Tablet Z,Works perfectly and exceeded expectations.
R00991,Tablet Z,Would not recommend to anyone.
R00992,Laptop Pro,Works perfectly and exceeded expectations.
R00993,Smartwatch Y,I would definitely buy this again.
R00994,Tablet Z,Poor build quality and support.
R00995,Headphones Max,Poor build quality and support.
R00996,Tablet Z,Highly recommended!
R00997,Phone X,Very disappointing experience.
R00998,Phone X,Not worth the price.
R00999,Smartwatch Y,Great value for the money.
R01000,Laptop Pro,Absolutely love this product!
